City_ID,City,Country,Date,Lat,Lng,Max Temp,Humidity,Cloudiness,Wind Speed
0,Ceres,US,2021-11-29 23:39:37,37.5949,-120.9577,72.55,58,1,5.75
1,Nikolskoye,RU,2021-11-29 23:39:37,59.7035,30.7861,25.39,95,100,10.27
2,Djambala,CG,2021-11-29 23:39:37,-2.5447,14.7533,67.44,91,98,0.58
3,Mataura,NZ,2021-11-29 23:39:38,-46.1927,168.8643,59.49,48,98,5.35
4,Arman,RU,2021-11-29 23:39:38,59.7,150.1667,0.01,89,100,9.15
5,Praia,CV,2021-11-29 23:39:38,14.9215,-23.5087,73.94,68,40,20.71
6,Moron,AR,2021-11-29 23:39:39,-34.6534,-58.6198,73.98,57,9,1.01
7,Hirara,JP,2021-11-29 23:39:39,24.8,125.2833,73.67,88,75,5.75
8,Basco,PH,2021-11-29 23:39:39,20.4487,121.9702,76.21,84,100,24.38
9,Prado,BR,2021-11-29 23:39:40,-17.3411,-39.2208,77.56,88,22,14.07
10,Codrington,AU,2021-11-29 23:39:40,-38.2667,141.9667,80.06,29,0,7.27
11,Albany,US,2021-11-29 23:39:40,42.6001,-73.9662,31.08,67,50,1.99
12,Puerto Ayora,EC,2021-11-29 23:39:41,-0.7393,-90.3518,70.56,91,70,5.99
13,Ilulissat,GL,2021-11-29 23:39:41,69.2167,-51.1,30.22,93,75,4.61
14,Ushuaia,AR,2021-11-29 23:38:07,-54.8,-68.3,46.06,42,40,17.27
15,Tomatlan,MX,2021-11-29 23:39:42,19.9333,-105.25,79.39,65,4,3.29
16,Lompoc,US,2021-11-29 23:36:50,34.6391,-120.4579,85.08,55,1,13.8
17,Ninotsminda,GE,2021-11-29 23:39:42,41.2646,43.5916,27.05,83,35,8.16
18,Tezu,IN,2021-11-29 23:39:42,27.9167,96.1667,60.71,48,82,4.18
19,Rikitea,PF,2021-11-29 23:39:43,-23.1203,-134.9692,76.55,77,2,21.03
20,Busselton,AU,2021-11-29 23:39:43,-33.65,115.3333,60.04,55,52,9.93
21,Punta Arenas,CL,2021-11-29 23:36:49,-53.15,-70.9167,50.11,50,40,31.07
22,Buraydah,SA,2021-11-29 23:37:29,26.326,43.975,54.05,26,2,3.85
23,Hermanus,ZA,2021-11-29 23:39:44,-34.4187,19.2345,62.91,76,32,7.78
24,Yuzhno-Kurilsk,RU,2021-11-29 23:39:44,44.0306,145.8556,43.68,82,99,3.36
25,Isangel,VU,2021-11-29 23:39:44,-19.55,169.2667,86.11,74,75,5.75
26,Nouadhibou,MR,2021-11-29 23:39:45,20.931,-17.0347,66.13,67,81,22.28
27,New Norfolk,AU,2021-11-29 23:39:45,-42.7826,147.0587,68.92,45,15,1.99
28,Oranjestad,AW,2021-11-29 23:36:00,12.524,-70.027,82.35,78,20,13.8
29,Barrow,US,2021-11-29 23:39:45,71.2906,-156.7887,-18.38,69,40,9.22
30,Mayumba,GA,2021-11-29 23:39:46,-3.432,10.6554,76.59,89,100,5.77
31,Suhut,TR,2021-11-29 23:39:46,38.5311,30.5458,55.0,68,100,16.93
32,Vaini,TO,2021-11-29 23:39:47,-21.2,-175.2,84.36,70,20,9.22
33,Dronfield,GB,2021-11-29 23:39:47,53.3022,-1.4751,48.16,90,100,1.01
34,Makat,KZ,2021-11-29 23:39:47,47.6469,53.3463,33.57,68,44,11.36
35,Husavik,IS,2021-11-29 23:39:48,66.0449,-17.3389,22.91,91,100,8.97
36,Deniliquin,AU,2021-11-29 23:39:48,-35.5333,144.9667,82.99,37,0,3.6
37,Aklavik,CA,2021-11-29 23:39:48,68.2191,-135.0107,-21.17,68,1,3.44
38,Ibra,OM,2021-11-29 23:39:49,22.6906,58.5334,62.67,91,0,1.52
39,Castro,BR,2021-11-29 23:39:49,-24.7911,-50.0119,66.9,89,33,6.15
40,Chuy,UY,2021-11-29 23:39:49,-33.6971,-53.4616,64.89,93,100,18.25
41,Leh,IN,2021-11-29 23:39:50,34.1667,77.5833,15.31,58,99,2.21
42,Mandera,KE,2021-11-29 23:39:50,3.9366,41.867,78.85,68,66,11.14
43,Avarua,CK,2021-11-29 23:39:50,-21.2078,-159.775,80.65,61,89,14.97
44,Benguela,AO,2021-11-29 23:39:51,-12.5763,13.4055,75.83,86,98,2.26
45,Fortuna,US,2021-11-29 23:35:45,40.5982,-124.1573,59.41,93,1,1.01
46,Port Blair,IN,2021-11-29 23:39:51,11.6667,92.75,75.24,94,40,2.3
47,Guerrero Negro,MX,2021-11-29 23:40:52,27.9769,-114.0611,72.48,40,0,11.36
48,Kapaa,US,2021-11-29 23:40:52,22.0752,-159.319,84.18,64,40,4.0
49,Jamestown,US,2021-11-29 23:39:09,42.097,-79.2353,33.12,86,90,10.36
50,Bontang,ID,2021-11-29 23:40:53,0.1333,117.5,76.77,85,98,3.53
51,Hermosillo,MX,2021-11-29 23:36:10,29.0667,-110.9667,87.71,27,1,5.99
52,Hilo,US,2021-11-29 23:39:02,19.7297,-155.09,77.25,69,1,3.44
53,Pevek,RU,2021-11-29 23:40:53,69.7008,170.3133,-5.24,100,93,3.31
54,Yatou,CN,2021-11-29 23:40:54,37.15,122.3833,41.38,82,100,25.08
55,Natchitoches,US,2021-11-29 23:40:54,31.7668,-93.1335,58.98,58,1,0.0
56,Cape Town,ZA,2021-11-29 23:40:54,-33.9258,18.4232,65.08,76,75,8.05
57,Atasu,KZ,2021-11-29 23:40:55,48.6814,71.6433,11.62,81,100,3.62
58,Butaritari,KI,2021-11-29 23:40:55,3.0707,172.7902,81.45,80,70,10.13
59,Half Moon Bay,US,2021-11-29 23:36:28,37.4636,-122.4286,75.11,58,1,0.0
60,Kruisfontein,ZA,2021-11-29 23:40:56,-34.0033,24.7314,60.89,87,2,5.77
61,Caceres,ES,2021-11-29 23:40:56,39.522,-6.3748,41.81,87,9,2.42
62,Labuhan,ID,2021-11-29 23:40:56,-6.8844,112.2051,79.14,81,99,7.61
63,Chara,RU,2021-11-29 23:40:57,56.9064,118.2631,-8.41,83,100,1.07
64,Durban,ZA,2021-11-29 23:40:57,-29.8579,31.0292,74.01,88,32,1.99
65,Timra,SE,2021-11-29 23:40:57,62.487,17.3257,16.68,81,76,10.36
66,Camocim,BR,2021-11-29 23:40:58,-2.9022,-40.8411,80.6,80,47,14.38
67,Sooke,CA,2021-11-29 23:40:58,48.3746,-123.7276,54.95,97,96,0.87
68,Amos,CA,2021-11-29 23:38:58,48.5669,-78.1162,19.67,97,95,2.33
69,Kodiak,US,2021-11-29 23:40:59,57.79,-152.4072,36.91,87,90,19.57
70,Kang,BW,2021-11-29 23:40:59,-23.6752,22.7876,73.38,56,65,6.46
71,San Cristobal,VE,2021-11-29 23:40:59,7.7669,-72.225,73.58,95,98,2.15
72,Komsomolskiy,UZ,2021-11-29 23:41:00,40.4272,71.7189,35.02,80,59,4.61
73,Quatre Cocos,MU,2021-11-29 23:41:00,-20.2078,57.7625,74.08,73,4,7.23
74,Atuona,PF,2021-11-29 23:41:00,-9.8,-139.0333,78.89,77,18,22.24
75,Henties Bay,NA,2021-11-29 23:41:01,-22.116,14.2845,59.86,93,0,6.8
76,Port Alfred,ZA,2021-11-29 23:41:01,-33.5906,26.891,68.32,89,91,7.4
77,Geraldton,AU,2021-11-29 23:41:02,-28.7667,114.6,66.61,63,75,10.36
78,Ponta Do Sol,PT,2021-11-29 23:41:02,32.6667,-17.1,63.72,69,53,4.09
79,Severo-Kurilsk,RU,2021-11-29 23:41:02,50.6789,156.125,32.36,68,94,33.08
80,Bluff,NZ,2021-11-29 23:41:03,-46.6,168.3333,59.81,73,97,4.27
81,Peleduy,RU,2021-11-29 23:41:03,59.6289,112.7406,7.3,93,100,8.55
82,Paita,PE,2021-11-29 23:41:03,-5.0892,-81.1144,68.56,81,87,16.98
83,Mount Isa,AU,2021-11-29 23:41:04,-20.7333,139.5,87.57,19,24,12.66
84,Saint-Philippe,RE,2021-11-29 23:41:04,-21.3585,55.7679,74.75,86,64,7.99
85,Hithadhoo,MV,2021-11-29 23:41:04,-0.6,73.0833,81.28,79,70,13.49
86,Marsaxlokk,MT,2021-11-29 23:41:05,35.8419,14.5431,55.08,71,40,24.16
87,Mezen,RU,2021-11-29 23:41:05,65.8522,44.24,4.6,99,92,5.35
88,Bayanday,RU,2021-11-29 23:41:05,53.0661,105.5139,16.18,96,100,6.15
89,Port Shepstone,ZA,2021-11-29 23:41:06,-30.7414,30.455,69.75,90,34,9.06
90,Price,US,2021-11-29 23:41:06,39.5994,-110.8107,58.71,28,1,0.0
91,Longyearbyen,SJ,2021-11-29 23:36:55,78.2186,15.6401,10.24,67,20,13.8
92,West Bay,KY,2021-11-29 23:41:07,19.3667,-81.4167,78.87,70,20,1.01
93,Pundaguitan,PH,2021-11-29 23:42:07,6.3711,126.1689,81.79,79,97,4.81
94,Anadyr,RU,2021-11-29 23:42:08,64.75,177.4833,-7.1,84,40,2.24
95,Ndele,CF,2021-11-29 23:42:08,8.4109,20.6473,81.01,31,99,2.17
96,Viedma,AR,2021-11-29 23:42:08,-40.8135,-62.9967,60.4,53,9,7.61
97,Chokurdakh,RU,2021-11-29 23:42:09,70.6333,147.9167,-13.52,99,100,3.47
98,Broome,US,2021-11-29 23:42:09,42.2506,-75.833,26.98,78,1,3.0
99,Alta Floresta,BR,2021-11-29 23:42:09,-9.8756,-56.0861,72.81,94,100,1.32
100,Santiago Del Estero,AR,2021-11-29 23:42:10,-27.7951,-64.2615,77.81,34,0,10.02
101,Pokhara,NP,2021-11-29 23:42:10,28.2333,83.9833,55.26,42,70,4.16
102,Cherskiy,RU,2021-11-29 23:42:10,68.75,161.3,-15.68,98,100,5.28
103,Tungao,PH,2021-11-29 23:42:11,8.7772,125.5719,79.27,85,85,1.39
104,San Patricio,US,2021-11-29 23:42:11,28.017,-97.5169,69.78,59,65,7.49
105,Qaanaaq,GL,2021-11-29 23:42:11,77.484,-69.3632,11.03,59,100,5.53
106,Karratha,AU,2021-11-29 23:42:12,-20.7377,116.8463,87.28,46,2,12.28
107,Lodja,CD,2021-11-29 23:42:12,-3.4833,23.4333,68.05,98,100,1.5
108,Majene,ID,2021-11-29 23:42:13,-3.5403,118.9707,80.98,74,98,2.48
109,Liverpool,GB,2021-11-29 23:42:13,53.4106,-2.9779,49.68,91,75,10.0
110,Phanom Thuan,TH,2021-11-29 23:42:13,14.1303,99.6986,73.78,68,100,14.61
111,Inhambane,MZ,2021-11-29 23:42:14,-23.865,35.3833,72.16,79,2,9.73
112,Hobart,AU,2021-11-29 23:42:14,-42.8794,147.3294,69.26,56,20,1.99
113,Longonjo,AO,2021-11-29 23:42:15,-12.9067,15.2533,64.15,98,100,0.22
114,Los Llanos De Aridane,ES,2021-11-29 23:42:15,28.6585,-17.9182,60.12,80,75,10.0
115,Nishihara,JP,2021-11-29 23:42:15,26.1842,127.7558,71.26,83,75,10.36
116,Krasnoselkup,RU,2021-11-29 23:42:16,65.7,82.4667,7.61,96,100,4.92
117,Coahuayana,MX,2021-11-29 23:42:16,18.7333,-103.6833,78.64,67,11,2.93
118,Kaitangata,NZ,2021-11-29 23:42:17,-46.2817,169.8464,62.92,54,100,8.37
119,Kahului,US,2021-11-29 23:39:35,20.8947,-156.47,82.42,68,20,14.97
120,Booue,GA,2021-11-29 23:42:17,-0.0921,11.9385,72.79,98,91,0.72
121,Kandrian,PG,2021-11-29 23:42:18,-6.2167,149.55,84.99,73,100,7.09
122,Cabo San Lucas,MX,2021-11-29 23:42:18,22.8909,-109.9124,83.52,59,100,3.0
123,Carnarvon,AU,2021-11-29 23:42:18,-24.8667,113.6333,71.67,73,40,21.85
124,Tasiilaq,GL,2021-11-29 23:42:19,65.6145,-37.6368,23.16,90,100,8.43
125,Tiksi,RU,2021-11-29 23:42:19,71.6872,128.8694,-22.23,99,96,6.02
126,Storm Lake,US,2021-11-29 23:42:20,42.6411,-95.2097,58.24,41,1,14.97
127,Carutapera,BR,2021-11-29 23:42:20,-1.195,-46.02,77.52,91,95,6.04
128,Victoria,HK,2021-11-29 23:42:20,22.2855,114.1577,71.33,70,1,13.0
129,Shebalino,RU,2021-11-29 23:42:20,51.2917,85.6772,16.9,79,16,6.02
130,Mata De Platano,HN,2021-11-29 23:42:21,14.6,-87.2833,65.28,94,51,5.44
131,Dzhebariki-Khaya,RU,2021-11-29 23:42:21,62.2167,135.8,-13.11,99,100,0.2
132,Cidreira,BR,2021-11-29 23:42:22,-30.1811,-50.2056,73.89,60,37,13.94
133,Sinnamary,GF,2021-11-29 23:42:22,5.3833,-52.95,77.94,89,97,8.03
134,Praya,CV,2021-11-29 23:39:38,14.9215,-23.5087,73.94,68,40,20.71
135,Jiuquan,CN,2021-11-29 23:42:23,39.7432,98.5174,19.51,39,2,1.25
136,Rawson,AR,2021-11-29 23:42:23,-43.3002,-65.1023,60.04,56,0,11.01
137,Eureka,US,2021-11-29 23:42:23,40.8021,-124.1637,59.67,92,91,1.01
138,Havelock,US,2021-11-29 23:43:24,34.8791,-76.9013,46.35,64,29,4.92
139,Soyo,AO,2021-11-29 23:43:24,-6.1349,12.3689,78.82,89,99,8.61
140,Broken Hill,AU,2021-11-29 23:43:25,-31.95,141.4333,82.11,34,63,8.05
141,Verkhnevilyuysk,RU,2021-11-29 23:43:25,63.4453,120.3167,-10.66,98,100,2.82
142,Sitka,US,2021-11-29 23:43:26,57.0531,-135.33,39.09,65,90,23.02
143,Sindou,BF,2021-11-29 23:43:26,10.6667,-5.1667,75.47,17,1,4.23
144,Magalia,US,2021-11-29 23:43:26,39.8121,-121.5783,68.22,61,3,1.54
145,Cockburn Town,TC,2021-11-29 23:43:27,21.4612,-71.1419,75.16,83,75,2.3
146,Champerico,GT,2021-11-29 23:43:27,14.3,-91.9167,86.54,68,0,4.99
147,Parabel,RU,2021-11-29 23:43:27,58.6978,81.4825,18.59,77,100,11.74
148,Luderitz,NA,2021-11-29 23:43:28,-26.6481,15.1594,60.17,86,0,12.41
149,Leningradskiy,RU,2021-11-29 23:43:28,69.3833,178.4167,-21.84,96,56,8.72
150,Tateyama,JP,2021-11-29 23:43:29,34.9833,139.8667,62.87,69,39,17.02
151,Yaring,TH,2021-11-29 23:43:29,6.8662,101.3689,75.63,88,100,6.35
152,Nagua,DO,2021-11-29 23:43:29,19.3832,-69.8474,81.45,83,40,4.61
153,Vila Velha,BR,2021-11-29 23:41:09,-20.3297,-40.2925,78.75,89,75,3.0
154,Yeppoon,AU,2021-11-29 23:43:30,-23.1333,150.7333,80.38,73,61,9.86
155,Fort Smith,US,2021-11-29 23:43:30,35.3859,-94.3986,64.44,44,1,4.61
156,Morondava,MG,2021-11-29 23:43:31,-20.2833,44.2833,72.01,88,1,6.96
157,Hofn,IS,2021-11-29 23:43:31,64.2539,-15.2082,27.61,88,100,12.35
158,Bereda,ES,2021-11-29 23:43:31,43.2686,-7.5406,49.01,100,97,1.52
159,Oktyabrskoye,RU,2021-11-29 23:43:32,43.0645,44.7417,46.54,66,33,13.42
160,Maragogi,BR,2021-11-29 23:43:32,-9.0122,-35.2225,79.0,83,67,10.36
161,Yulara,AU,2021-11-29 23:43:32,-25.2406,130.9889,80.44,22,0,4.61
162,Lata,PT,2021-11-29 23:43:33,40.1629,-8.3327,49.82,87,97,1.95
163,Thompson,CA,2021-11-29 23:43:33,55.7435,-97.8558,24.96,93,90,8.05
164,Esperance,AU,2021-11-29 23:43:33,-33.8667,121.9,60.64,62,100,12.33
165,Mayo,US,2021-11-29 23:43:34,38.8876,-76.5119,43.3,58,75,5.99
166,Bubaque,GW,2021-11-29 23:43:34,11.2833,-15.8333,82.6,64,84,13.31
167,Jinchang,CN,2021-11-29 23:43:34,38.4953,102.1739,26.26,25,0,4.92
168,Sumbe,AO,2021-11-29 23:43:35,-11.2061,13.8437,77.36,86,99,8.05
169,Calvinia,ZA,2021-11-29 23:43:35,-31.4707,19.776,53.55,75,20,6.53
170,Mount Gambier,AU,2021-11-29 23:43:35,-37.8333,140.7667,76.91,33,43,13.8
171,Aleksandrov Gay,RU,2021-11-29 23:43:36,50.147,48.5704,38.62,66,96,14.25
172,Tuktoyaktuk,CA,2021-11-29 23:43:36,69.4541,-133.0374,-14.8,70,75,19.57
173,Chicama,PE,2021-11-29 23:43:37,-7.8447,-79.1469,63.14,80,96,7.43
174,Kurilsk,RU,2021-11-29 23:43:37,45.2333,147.8833,39.61,79,93,1.81
175,Acapulco,MX,2021-11-29 23:43:37,16.8634,-99.8901,79.38,77,1,5.97
176,Sao Filipe,CV,2021-11-29 23:43:38,14.8961,-24.4956,75.54,68,91,14.0
177,Houma,US,2021-11-29 23:43:38,29.5958,-90.7195,60.8,61,1,8.05
178,Zambezi,ZM,2021-11-29 23:43:39,-13.5432,23.1047,65.34,88,99,3.78
179,Arroyo,ES,2021-11-29 23:43:39,41.6096,-4.7969,39.6,87,0,5.75
180,Brae,GB,2021-11-29 23:43:39,60.3964,-1.353,39.11,57,90,24.54
181,Rocha,UY,2021-11-29 23:43:40,-34.4833,-54.3333,64.33,94,100,20.38
182,Padang,ID,2021-11-29 23:43:40,-0.9492,100.3543,75.25,84,72,2.57
183,Souillac,MU,2021-11-29 23:43:40,-20.5167,57.5167,74.35,83,40,3.44
184,Bilma,NE,2021-11-29 23:44:41,18.6853,12.9164,71.55,25,49,14.83
185,Coquimbo,CL,2021-11-29 23:44:41,-29.9533,-71.3436,60.53,77,75,10.36
186,Bartica,GY,2021-11-29 23:44:42,6.4,-58.6167,79.12,98,64,2.95
187,Kavieng,PG,2021-11-29 23:44:42,-2.5744,150.7967,85.21,67,100,16.58
188,Mahebourg,MU,2021-11-29 23:44:42,-20.4081,57.7,74.25,83,40,3.44
189,Cayenne,GF,2021-11-29 23:44:43,4.9333,-52.3333,80.1,85,75,1.01
190,Sisimiut,GL,2021-11-29 23:44:43,66.9395,-53.6735,31.23,87,99,10.38
191,Trinidad,BO,2021-11-29 23:44:44,-14.8333,-64.9,75.18,94,90,0.0
192,Sorland,NO,2021-11-29 23:44:44,67.667,12.6934,34.12,48,100,2.84
193,Saint George,US,2021-11-29 23:44:44,37.1041,-113.5841,73.35,21,1,1.99
194,Mandurah,AU,2021-11-29 23:44:44,-32.55,115.7,62.22,59,0,13.2
195,Hovd,MN,2021-11-29 23:44:45,48.0056,91.6419,15.1,50,0,0.25
196,Lubango,AO,2021-11-29 23:44:45,-14.9172,13.4925,62.37,67,62,2.82
197,Santa Maria Da Vitoria,BR,2021-11-29 23:44:45,-13.3947,-44.1886,71.58,94,100,3.15
198,Bogorodskoye,RU,2021-11-29 23:44:46,56.55,37.8833,37.09,96,100,14.47
199,Klaksvik,FO,2021-11-29 23:44:46,62.2266,-6.589,34.72,62,100,11.92
200,Riyadh,SA,2021-11-29 23:39:57,24.6877,46.7219,59.14,30,0,7.58
201,Ugoofaaru,MV,2021-11-29 23:44:47,5.6667,73.0,79.12,83,100,9.75
202,Bredasdorp,ZA,2021-11-29 23:44:47,-34.5322,20.0403,59.29,72,43,4.47
203,Qasigiannguit,GL,2021-11-29 23:44:47,68.8193,-51.1922,30.45,89,100,6.17
204,Lagoa,PT,2021-11-29 23:44:48,39.05,-27.9833,60.62,62,86,6.89
205,Ambon,ID,2021-11-29 23:44:48,-3.6954,128.1814,80.74,89,40,4.61
206,Tocopilla,CL,2021-11-29 23:44:49,-22.092,-70.1979,64.54,69,13,3.15
207,Mafinga,TZ,2021-11-29 23:44:49,-7.25,35.0667,69.06,76,74,3.53
208,Sulangan,PH,2021-11-29 23:44:49,11.1373,123.7228,82.13,78,91,7.43
209,Arraial Do Cabo,BR,2021-11-29 23:44:50,-22.9661,-42.0278,76.96,88,0,12.66
210,Bethel,US,2021-11-29 23:44:51,41.3712,-73.414,37.49,71,75,1.01
211,Lujan,AR,2021-11-29 23:44:51,-34.5703,-59.105,73.98,59,6,3.0
212,Maniitsoq,GL,2021-11-29 23:44:51,65.4167,-52.9,34.32,83,100,19.24
213,Port Hardy,CA,2021-11-29 23:44:52,50.6996,-127.4199,50.18,93,90,6.91
214,La Ronge,CA,2021-11-29 23:44:52,55.1001,-105.2842,26.85,68,75,10.36
215,Beloha,MG,2021-11-29 23:44:52,-25.1667,45.05,66.24,93,2,9.15
216,Manokwari,ID,2021-11-29 23:44:53,-0.8667,134.0833,81.75,78,100,4.36
217,Vanimo,PG,2021-11-29 23:44:53,-2.6741,141.3028,83.95,75,100,3.22
218,Yellowknife,CA,2021-11-29 23:44:53,62.456,-114.3525,-14.58,78,20,1.99
219,Jumla,NP,2021-11-29 23:44:54,29.2747,82.1838,40.82,16,54,5.32
220,Breves,BR,2021-11-29 23:44:54,-1.6822,-50.4803,79.81,78,93,5.64
221,Lincoln,US,2021-11-29 23:42:09,40.8,-96.667,64.31,42,1,3.0
222,Kloulklubed,PW,2021-11-29 23:44:55,7.0419,134.2556,84.7,73,100,7.29
223,Vila Franca Do Campo,PT,2021-11-29 23:44:55,37.7167,-25.4333,60.19,75,69,4.83
224,Churapcha,RU,2021-11-29 23:44:55,62.0025,132.4325,-14.39,100,100,0.78
225,Petropavlovsk-Kamchatskiy,RU,2021-11-29 23:43:13,53.0452,158.6483,21.79,93,90,11.18
226,Vardo,NO,2021-11-29 23:44:56,70.3705,31.1107,23.27,84,100,28.07
227,Clyde River,CA,2021-11-29 23:41:10,70.4692,-68.5914,-0.17,78,90,9.22
228,Ribeira Grande,PT,2021-11-29 23:44:56,38.5167,-28.7,62.08,59,22,6.22
229,El Rusio,HN,2021-11-29 23:44:56,14.4667,-86.3667,65.73,79,77,1.39
230,Najran,SA,2021-11-29 23:45:57,17.4924,44.1277,57.85,51,0,2.15
231,Horta,PT,2021-11-29 23:45:57,38.5333,-28.6333,60.64,63,15,6.17
232,Camopi,GF,2021-11-29 23:45:58,3.1655,-52.3158,73.31,99,100,2.35
233,Ambunti,PG,2021-11-29 23:45:58,-4.2365,142.8448,86.29,69,94,0.78
234,Belmonte,BR,2021-11-29 23:45:58,-15.8631,-38.8828,79.3,92,64,11.1
235,Thornhill,GB,2021-11-29 23:45:58,55.2333,-3.7667,51.31,92,100,17.27
236,Haines Junction,CA,2021-11-29 23:45:59,60.7522,-137.5108,-5.85,77,100,1.14
237,Iqaluit,CA,2021-11-29 23:45:59,63.7506,-68.5145,11.93,79,90,17.27
238,Saint Anthony,US,2021-11-29 23:46:00,45.0205,-93.218,47.35,52,1,10.36
239,Zaysan,KZ,2021-11-29 23:46:00,47.4667,84.8667,11.98,82,27,1.3
240,Rio Grande,BR,2021-11-29 23:43:52,-32.035,-52.0986,68.85,73,97,23.69
241,Tambacounda,SN,2021-11-29 23:46:00,13.7539,-13.7586,78.85,29,0,4.61
242,Khatanga,RU,2021-11-29 23:46:01,71.9667,102.5,-31.52,100,97,2.37
243,Kota Belud,MY,2021-11-29 23:46:01,6.351,116.4305,76.86,74,95,4.74
244,Torbat-E Jam,IR,2021-11-29 23:46:02,35.244,60.6225,47.05,46,41,1.99
245,Norman Wells,CA,2021-11-29 23:46:02,65.282,-126.8329,-25.56,68,20,4.61
246,Faanui,PF,2021-11-29 23:46:03,-16.4833,-151.75,80.56,78,100,13.53
247,Itarema,BR,2021-11-29 23:46:04,-2.9248,-39.9167,80.71,78,57,14.03
248,Axim,GH,2021-11-29 23:46:04,4.8699,-2.2405,78.78,85,56,8.32
249,East London,ZA,2021-11-29 23:46:04,-33.0153,27.9116,66.99,86,53,1.99
250,Rudnichnyy,RU,2021-11-29 23:46:05,59.617,52.4703,32.22,99,100,8.08
251,Torbay,CA,2021-11-29 23:46:05,47.6666,-52.7314,43.27,91,40,10.36
252,Nhulunbuy,AU,2021-11-29 23:46:05,-12.2333,136.7667,90.21,66,40,8.05
253,Chiang Klang,TH,2021-11-29 23:46:06,19.2938,100.8617,60.13,78,18,2.33
254,Surt,LY,2021-11-29 23:46:06,31.2089,16.5887,60.6,33,0,20.47
255,Havre-Saint-Pierre,CA,2021-11-29 23:46:07,50.2334,-63.5986,30.79,86,90,9.22
256,Araouane,ML,2021-11-29 23:46:07,18.9048,-3.5265,68.99,28,3,12.3
257,Katobu,ID,2021-11-29 23:46:08,-4.9408,122.5276,76.93,92,100,2.33
258,Azul,AR,2021-11-29 23:44:15,-36.777,-59.8585,60.24,53,1,8.5
259,Key West,US,2021-11-29 23:42:52,24.5557,-81.7826,71.6,63,20,4.61
260,Dunedin,NZ,2021-11-29 23:41:47,-45.8742,170.5036,63.32,64,86,8.34
261,Osmanabad,IN,2021-11-29 23:46:09,18.1667,76.05,68.34,66,100,7.76
262,Tucurui,BR,2021-11-29 23:46:09,-3.7661,-49.6725,77.23,84,85,3.09
263,Kiama,AU,2021-11-29 23:46:09,-34.6833,150.8667,72.37,73,90,9.01
264,Namibe,AO,2021-11-29 23:46:09,-15.1961,12.1522,72.0,66,12,5.32
265,Pringsewu,ID,2021-11-29 23:46:10,-5.3582,104.9744,75.42,92,89,1.23
266,Itzehoe,DE,2021-11-29 23:46:10,53.921,9.5153,37.08,93,100,4.0
267,Dikson,RU,2021-11-29 23:46:11,73.5069,80.5464,-14.33,96,100,14.7
268,Yeniseysk,RU,2021-11-29 23:46:11,58.4497,92.1703,17.87,90,99,6.46
269,Chapais,CA,2021-11-29 23:46:11,49.7834,-74.8492,17.38,98,99,2.46
270,Beringovskiy,RU,2021-11-29 23:46:12,63.05,179.3167,7.18,94,100,6.55
271,Svetlyy,RU,2021-11-29 23:46:12,54.675,20.1347,36.97,68,100,22.21
272,Chenzhou,CN,2021-11-29 23:46:12,25.8,113.0333,50.14,77,100,7.58
273,Tara,RU,2021-11-29 23:46:13,56.8944,74.371,8.19,91,43,5.1
274,Asau,RO,2021-11-29 23:46:13,46.4333,26.4,35.76,81,45,2.13
275,Den Helder,NL,2021-11-29 23:46:14,52.9599,4.7593,44.98,75,90,25.01
276,Plainview,US,2021-11-29 23:47:14,40.7765,-73.4673,39.45,61,75,1.01
277,Sao Joao Da Barra,BR,2021-11-29 23:47:15,-21.6403,-41.0511,75.36,91,6,14.88
278,Mar Del Plata,AR,2021-11-29 23:47:15,-38.0023,-57.5575,60.82,92,75,11.99
279,Meulaboh,ID,2021-11-29 23:47:15,4.1363,96.1285,73.74,92,100,2.01
280,Santiago De Cuba,CU,2021-11-29 23:47:16,20.0247,-75.8219,82.02,65,20,9.22
281,Solnechnyy,RU,2021-11-29 23:47:16,50.7214,136.6319,10.92,89,100,5.21
282,Avera,US,2021-11-29 23:47:16,33.194,-82.5271,47.71,44,12,4.0
283,Hambantota,LK,2021-11-29 23:47:17,6.1241,81.1185,76.59,88,96,4.65
284,Faya,SA,2021-11-29 23:47:17,18.3851,42.4509,51.91,50,0,6.69
285,Sorong,ID,2021-11-29 23:47:17,-0.8833,131.25,81.46,82,100,6.26
286,Matadi,CD,2021-11-29 23:47:18,-5.8167,13.45,77.05,93,99,3.36
287,Bandarbeyla,SO,2021-11-29 23:47:18,9.4942,50.8122,77.13,70,13,17.56
288,Deputatskiy,RU,2021-11-29 23:47:19,69.3,139.9,-14.42,97,100,4.47
289,Saint-Francois,FR,2021-11-29 23:47:19,46.4154,3.9054,35.47,90,90,2.3
290,Narsaq,GL,2021-11-29 23:47:19,60.9167,-46.05,34.02,99,100,9.01
291,Bonavista,CA,2021-11-29 23:47:20,48.6499,-53.1147,44.11,84,87,13.11
292,Gondal,IN,2021-11-29 23:47:20,21.9667,70.8,69.78,42,76,8.97
293,Airai,TL,2021-11-29 23:47:20,-8.9266,125.4092,67.68,69,98,1.97
294,Bambous Virieux,MU,2021-11-29 23:47:21,-20.3428,57.7575,74.21,83,40,3.44
295,Sistranda,NO,2021-11-29 23:47:21,63.7256,8.834,27.9,58,100,14.54
296,Sibolga,ID,2021-11-29 23:47:22,1.7427,98.7792,75.38,87,99,2.13
297,Vestmannaeyjar,IS,2021-11-29 23:47:22,63.4427,-20.2734,35.46,91,100,25.28
298,Gat,IL,2021-11-29 23:47:22,31.61,34.7642,76.41,26,35,9.95
299,Srednekolymsk,RU,2021-11-29 23:47:23,67.45,153.6833,-19.52,98,100,5.7
300,Puri,IN,2021-11-29 23:47:23,19.8,85.85,64.92,59,27,9.84
301,Storforshei,NO,2021-11-29 23:47:23,66.4043,14.5233,18.66,95,100,5.21
302,Georgetown,MY,2021-11-29 23:45:24,5.4112,100.3354,75.15,96,40,1.01
303,Saskylakh,RU,2021-11-29 23:47:24,71.9167,114.0833,-26.25,100,94,4.34
304,Sicuani,PE,2021-11-29 23:47:24,-14.2694,-71.2261,51.46,78,100,6.04
305,Sonta,RS,2021-11-29 23:47:25,45.5947,19.0981,35.29,72,97,15.21
306,Baruun-Urt,MN,2021-11-29 23:47:25,46.6806,113.2792,7.68,80,11,10.56
307,Sambava,MG,2021-11-29 23:47:25,-14.2667,50.1667,76.21,81,47,7.11
308,Tagusao,PH,2021-11-29 23:47:26,9.1924,117.8141,81.34,81,96,3.4
309,Sebring,US,2021-11-29 23:42:38,27.4956,-81.4409,64.11,72,1,3.44
310,Barra Do Garcas,BR,2021-11-29 23:47:26,-15.89,-52.2567,74.28,89,100,1.95
311,Takoradi,GH,2021-11-29 23:47:27,4.8845,-1.7554,79.99,85,80,8.19
312,Port Lincoln,AU,2021-11-29 23:47:27,-34.7333,135.8667,78.98,37,80,9.55
313,Dong Hoi,VN,2021-11-29 23:43:20,17.4833,106.6,70.47,82,93,15.7
314,Tshikapa,CD,2021-11-29 23:47:28,-6.4167,20.8,67.64,94,100,1.34
315,Tolyatti,RU,2021-11-29 23:47:28,53.5303,49.3461,34.16,83,100,24.54
316,Killarney,IE,2021-11-29 23:47:28,52.05,-9.5167,47.21,97,93,5.55
317,Ancud,CL,2021-11-29 23:47:29,-41.8697,-73.8203,60.42,78,32,1.81
318,Honningsvag,NO,2021-11-29 23:47:29,70.9821,25.9704,23.61,87,23,32.68
319,Nambucca Heads,AU,2021-11-29 23:47:29,-30.65,153.0,73.17,76,100,7.02
320,Awbari,LY,2021-11-29 23:47:30,26.5921,12.7805,53.11,19,25,6.2
321,Pacifica,US,2021-11-29 23:43:14,37.6138,-122.4869,73.72,63,20,0.0
322,Port Hueneme,US,2021-11-29 23:47:30,34.1478,-119.1951,88.88,54,1,8.05
323,Bansud,PH,2021-11-29 23:47:30,12.865,121.4564,80.64,82,94,6.6
324,Tuatapere,NZ,2021-11-29 23:47:31,-46.1333,167.6833,59.83,64,100,6.96
325,Purranque,CL,2021-11-29 23:45:10,-40.9167,-73.1667,61.29,59,96,6.31
326,Turukhansk,RU,2021-11-29 23:48:31,65.8167,87.9833,3.07,95,100,15.32
327,Port Hedland,AU,2021-11-29 23:47:34,-20.3167,118.5667,84.25,70,0,11.5
328,Kindu,CD,2021-11-29 23:48:32,-2.95,25.95,70.27,99,100,1.83
329,Hamilton,US,2021-11-29 23:48:32,39.1834,-84.5333,42.76,40,75,1.01
330,Nome,US,2021-11-29 23:48:33,64.5011,-165.4064,-7.53,54,1,4.61
331,Lac Du Bonnet,CA,2021-11-29 23:48:33,50.2536,-96.0612,25.59,97,31,4.7
332,San Policarpo,PH,2021-11-29 23:47:28,12.1791,125.5072,82.18,79,100,4.18
333,Port-Gentil,GA,2021-11-29 23:48:33,-0.7193,8.7815,78.76,89,20,3.44
334,Alofi,NU,2021-11-29 23:48:34,-19.0595,-169.9187,84.09,54,40,13.8
335,Mana,GF,2021-11-29 23:48:34,5.6592,-53.7767,77.22,92,86,7.23
336,Tromso,NO,2021-11-29 23:46:03,69.6496,18.957,23.02,63,0,17.27
337,Kankakee,US,2021-11-29 23:48:35,41.15,-87.8667,40.03,69,75,12.66
338,Kalmar,SE,2021-11-29 23:48:36,56.6616,16.3616,23.97,92,49,6.91
339,Waggaman,US,2021-11-29 23:48:36,29.9185,-90.2109,61.0,54,1,3.44
340,San Jeronimo,PE,2021-11-29 23:48:36,-11.9472,-75.2829,53.87,82,83,2.42
341,Hualmay,PE,2021-11-29 23:48:37,-11.0964,-77.6139,66.61,82,43,9.37
342,Gloucester,GB,2021-11-29 23:48:37,51.8657,-2.2431,46.56,89,72,15.01
343,Richards Bay,ZA,2021-11-29 23:48:37,-28.783,32.0377,70.38,94,39,6.69
344,Ios,GR,2021-11-29 23:48:38,36.7333,25.2833,65.05,69,25,32.08
345,Te Anau,NZ,2021-11-29 23:48:38,-45.4167,167.7167,64.99,45,79,3.24
346,Marsh Harbour,BS,2021-11-29 23:48:39,26.5412,-77.0636,71.33,63,33,12.41
347,Umm Kaddadah,SD,2021-11-29 23:48:39,13.6017,26.6876,76.23,39,14,13.13
348,Urucara,BR,2021-11-29 23:48:39,-2.5364,-57.76,79.39,80,98,2.21
349,Dalby,AU,2021-11-29 23:48:40,-27.1833,151.2667,69.98,94,100,10.89
350,Touho,NC,2021-11-29 23:48:40,-20.7833,165.2333,81.01,76,38,11.72
351,Thinadhoo,MV,2021-11-29 23:48:41,0.5333,72.9333,81.07,79,54,13.04
352,Saurimo,AO,2021-11-29 23:48:41,-9.6608,20.3916,63.72,97,75,1.54
353,Dezhou,CN,2021-11-29 23:48:41,37.4486,116.2925,37.24,42,64,18.19
354,Boksitogorsk,RU,2021-11-29 23:48:42,59.474,33.8485,29.28,95,100,11.99
355,Progreso,MX,2021-11-29 23:48:42,21.2833,-89.6667,80.11,79,93,14.23
356,Xining,CN,2021-11-29 23:48:42,36.6167,101.7667,15.26,54,0,1.9
357,Ust-Koksa,RU,2021-11-29 23:48:43,50.2696,85.6108,6.76,81,41,1.28
358,Coari,BR,2021-11-29 23:48:43,-4.085,-63.1414,76.98,90,95,1.3
359,Skjervoy,NO,2021-11-29 23:48:44,70.0311,20.9714,22.42,62,14,15.5
360,Tulun,RU,2021-11-29 23:48:44,54.5611,100.5792,21.47,93,100,6.26
361,Isabela,PH,2021-11-29 23:48:45,6.7085,121.9711,78.85,80,89,5.95
362,Anchovy,JM,2021-11-29 23:48:45,18.4103,-77.9317,77.65,69,20,9.22
363,Yar-Sale,RU,2021-11-29 23:48:46,66.8333,70.8333,0.25,97,97,10.07
364,Sandwick,GB,2021-11-29 23:48:46,60.0,-1.25,39.02,75,20,14.97
365,Gamba,GA,2021-11-29 23:48:46,-2.65,10.0,77.04,91,100,4.83
366,Gualaquiza,EC,2021-11-29 23:48:47,-3.4,-78.55,64.6,97,100,0.6
367,Ambilobe,MG,2021-11-29 23:48:47,-13.2,49.05,73.76,84,22,6.08
368,Cochrane,CA,2021-11-29 23:48:48,51.1834,-114.4687,47.44,37,1,9.22
369,Lavrentiya,RU,2021-11-29 23:48:48,65.5833,-171.0,-11.0,91,5,8.48
370,San Quintin,MX,2021-11-29 23:49:48,30.4833,-115.95,66.24,66,0,8.52
371,Umm Lajj,SA,2021-11-29 23:49:49,25.0213,37.2685,82.78,34,0,10.83
372,General Roca,AR,2021-11-29 23:48:15,-39.0333,-67.5833,84.61,15,51,7.29
373,Lerwick,GB,2021-11-29 23:49:49,60.1545,-1.1494,39.2,60,81,25.08
374,Talnakh,RU,2021-11-29 23:49:50,69.4865,88.3972,-11.79,94,100,4.74
375,Bud,US,2021-11-29 23:49:50,39.447,-86.1758,43.59,40,90,11.41
376,Biltine,TD,2021-11-29 23:49:50,14.5333,20.9167,76.64,22,28,9.53
377,Talara,PE,2021-11-29 23:49:51,-4.5772,-81.2719,68.76,83,0,17.27
378,Nioro,GM,2021-11-29 23:49:51,13.35,-15.75,77.52,25,90,8.21
379,Noumea,NC,2021-11-29 23:49:52,-22.2763,166.4572,85.98,99,24,13.87
380,Sinnar,SD,2021-11-29 23:49:52,13.5691,33.5672,81.3,30,7,13.82
381,Tiznit,MA,2021-11-29 23:49:53,29.5833,-9.5,55.53,43,0,1.61
382,La Maddalena,IT,2021-11-29 23:49:53,41.2142,9.4083,44.65,40,11,9.17
383,Loandjili,CG,2021-11-29 23:49:53,-4.7561,11.8578,77.49,88,100,5.01
384,Monrovia,LR,2021-11-29 23:49:54,6.3005,-10.7969,79.72,81,100,7.65
385,Kaseda,JP,2021-11-29 23:49:54,31.4167,130.3167,58.23,72,26,16.55
386,San Jose,US,2021-11-29 23:47:39,37.3394,-121.895,75.06,48,1,1.01
387,Chengde,CN,2021-11-29 23:49:55,40.9725,117.9361,28.27,46,27,11.99
388,Kanniyakumari,IN,2021-11-29 23:49:55,8.0833,77.5667,77.59,85,100,12.08
389,Saint-Louis,SN,2021-11-29 23:49:56,16.3333,-15.0,73.04,24,72,10.42
390,Ypsonas,CY,2021-11-29 23:49:56,34.6884,32.9574,67.17,77,0,13.8
391,Ocos,GT,2021-11-29 23:49:56,14.5094,-92.1933,86.5,64,0,3.2
392,Tautira,PF,2021-11-29 23:49:57,-17.7333,-149.15,80.62,76,98,18.43
393,Ahuimanu,US,2021-11-29 23:49:57,21.4447,-157.8378,78.51,77,75,11.5
394,Saint-Georges,GD,2021-11-29 23:49:58,12.0564,-61.7485,80.28,78,20,10.36
395,Berbera,SO,2021-11-29 23:49:58,10.4396,45.0143,79.14,60,6,4.9
396,Careiro Da Varzea,BR,2021-11-29 23:49:58,-3.2003,-59.8119,81.21,77,100,1.92
397,Laem Sing,TH,2021-11-29 23:49:59,12.4816,102.0738,81.14,79,100,11.9
398,Concepcion Del Oro,MX,2021-11-29 23:49:59,24.6333,-101.4167,60.64,49,61,1.81
399,Evensk,RU,2021-11-29 23:50:00,61.95,159.2333,15.57,94,100,4.97
400,Thunder Bay,CA,2021-11-29 23:47:12,48.4001,-89.3168,32.56,90,90,8.05
401,Lahij,YE,2021-11-29 23:50:00,13.1667,44.5833,70.93,71,0,2.66
402,Fairbanks,US,2021-11-29 23:45:54,64.8378,-147.7164,-9.08,72,75,0.0
403,Upernavik,GL,2021-11-29 23:50:01,72.7868,-56.1549,21.36,96,100,3.78
404,Esperantina,BR,2021-11-29 23:50:01,-3.9017,-42.2336,80.62,71,69,8.52
405,Angoram,PG,2021-11-29 23:50:01,-4.0625,144.0661,83.73,83,99,1.54
406,Ust-Maya,RU,2021-11-29 23:50:02,60.4167,134.5333,-10.64,99,100,1.95
407,Margate,GB,2021-11-29 23:50:02,51.3813,1.3862,41.88,81,91,3.0
408,Tambura,SS,2021-11-29 23:50:03,5.6,27.4667,70.59,84,96,5.28
409,Lebu,CL,2021-11-29 23:50:03,-37.6167,-73.65,54.3,84,87,17.67
410,Luanda,AO,2021-11-29 23:50:04,-8.8368,13.2343,78.03,83,100,6.46
411,Shirochanka,RU,2021-11-29 23:50:04,46.6497,38.3978,52.59,92,100,23.67
412,Denpasar,ID,2021-11-29 23:49:26,-8.65,115.2167,76.71,94,75,9.22
413,Hasaki,JP,2021-11-29 23:50:05,35.7333,140.8333,39.6,62,22,8.66
414,Katherine,AU,2021-11-29 23:50:05,-14.4667,132.2667,88.12,51,55,2.3
415,Katsuura,JP,2021-11-29 23:50:05,35.1333,140.3,51.19,67,57,17.27
416,Tigil,RU,2021-11-29 23:51:06,57.8,158.6667,14.79,94,100,4.61
417,Fort Nelson,CA,2021-11-29 23:50:17,58.8053,-122.7002,4.59,85,90,2.3
418,Ojinaga,MX,2021-11-29 23:51:06,29.5667,-104.4167,68.58,48,1,0.0
419,Magole,TZ,2021-11-29 23:51:06,-6.3667,37.3667,71.17,93,95,1.74
420,Spirit River,CA,2021-11-29 23:51:07,55.7833,-118.8361,30.72,89,74,4.59
421,Okolona,US,2021-11-29 23:51:07,38.1412,-85.6877,46.42,32,75,5.99
422,Kemijarvi,FI,2021-11-29 23:51:07,66.7131,27.4306,5.68,97,94,3.09
423,Buala,SB,2021-11-29 23:51:08,-8.145,159.5921,85.03,70,92,4.79
424,Poya,NC,2021-11-29 23:51:08,-21.35,165.15,87.24,59,12,3.69
425,Todos Santos,MX,2021-11-29 23:51:08,23.45,-110.2167,79.45,68,83,10.42
426,Uvinza,TZ,2021-11-29 23:51:09,-5.1036,30.3911,66.27,94,82,1.32
427,Bonthe,SL,2021-11-29 23:51:09,7.5264,-12.505,79.48,83,100,7.31
428,Berlevag,NO,2021-11-29 23:51:09,70.8578,29.0864,19.63,87,84,29.77
429,Severnoye,RU,2021-11-29 23:51:10,56.3491,78.3619,13.98,86,100,7.85
430,Erenhot,CN,2021-11-29 23:51:10,43.6475,111.9767,14.95,64,0,10.51
431,Dhidhdhoo,MV,2021-11-29 23:51:10,6.8833,73.1,80.65,78,78,8.48
432,Pedernales,DO,2021-11-29 23:51:11,18.0384,-71.744,79.59,73,73,2.44
433,Elizabeth City,US,2021-11-29 23:51:11,36.2946,-76.2511,45.01,64,1,3.44
434,Port Elizabeth,ZA,2021-11-29 23:48:48,-33.918,25.5701,63.1,94,0,10.36
435,Adrar,MR,2021-11-29 23:51:12,20.5022,-10.0711,62.13,27,69,10.63
436,Kisesa,TZ,2021-11-29 23:51:12,-3.0833,34.15,67.98,72,78,5.48
437,Ambato,EC,2021-11-29 23:50:10,-1.2491,-78.6168,56.08,54,99,2.42
438,Strezhevoy,RU,2021-11-29 23:51:12,60.7333,77.5889,24.78,94,100,10.31
439,Windhoek,NA,2021-11-29 23:51:13,-22.5594,17.0832,70.0,12,0,4.61
440,Charters Towers,AU,2021-11-29 23:51:13,-20.1,146.2667,84.58,54,73,11.16
441,Gambo,CF,2021-11-29 23:51:14,4.6482,22.2633,68.9,98,100,0.56
442,Udachnyy,RU,2021-11-29 23:51:14,66.4167,112.4,-35.5,100,97,2.01
443,Gawler,AU,2021-11-29 23:51:14,-34.6,138.7333,87.82,24,32,8.46
444,Laguna,US,2021-11-29 23:51:14,38.421,-121.4238,71.87,59,1,1.99
445,Nanortalik,GL,2021-11-29 23:51:15,60.1432,-45.2371,33.78,98,100,13.4
446,Magaria,NE,2021-11-29 23:51:15,12.9983,8.9099,71.56,14,19,9.08
447,Fukue,JP,2021-11-29 23:51:16,32.6881,128.8419,64.76,82,75,18.41
448,Penzance,GB,2021-11-29 23:51:16,50.1186,-5.5371,51.01,83,59,13.33
449,Lipari,IT,2021-11-29 23:51:16,38.4674,14.954,50.22,61,95,37.16
450,Lasa,IT,2021-11-29 23:51:17,46.6166,10.7002,29.28,95,56,7.83
451,Kokstad,ZA,2021-11-29 23:51:17,-30.5472,29.4241,56.19,86,8,5.48
452,Poltavka,RU,2021-11-29 23:51:18,54.3663,71.7632,9.54,91,95,4.88
453,Bengkulu,ID,2021-11-29 23:51:18,-3.8004,102.2655,74.55,86,100,7.63
454,Oswego,US,2021-11-29 23:51:18,43.4501,-76.1497,28.35,88,16,1.3
455,Provideniya,RU,2021-11-29 23:51:18,64.3833,-173.3,-1.64,60,0,6.71
456,Goroka,PG,2021-11-29 23:51:19,-6.0834,145.3873,75.04,66,91,2.53
457,Abalak,RU,2021-11-29 23:51:19,58.1286,68.5944,26.96,95,95,5.17
458,Solton,RU,2021-11-29 23:51:19,52.8429,86.4787,13.71,96,97,1.77
459,Tazovskiy,RU,2021-11-29 23:51:20,67.4667,78.7,-3.69,96,100,9.82
460,Livny,RU,2021-11-29 23:51:20,52.4253,37.6069,47.86,85,100,21.77
461,Astana,KZ,2021-11-29 23:46:49,51.1801,71.446,10.35,79,0,4.47
462,Port Augusta,AU,2021-11-29 23:51:21,-32.5,137.7667,87.71,21,5,4.65
463,Northam,GB,2021-11-29 23:52:21,51.0333,-4.2167,50.25,90,42,14.05
464,Berdigestyakh,RU,2021-11-29 23:52:21,62.0989,126.6992,-17.63,100,98,2.26
465,Havoysund,NO,2021-11-29 23:52:22,70.9963,24.6622,16.68,79,33,12.08
466,Cabedelo,BR,2021-11-29 23:52:22,-6.9811,-34.8339,81.27,75,47,12.62
467,Salalah,OM,2021-11-29 23:52:22,17.0151,54.0924,72.45,33,0,14.12
468,Vaitape,PF,2021-11-29 23:52:22,-16.5167,-151.75,80.51,78,100,13.51
469,Valente,BR,2021-11-29 23:52:23,-11.4122,-39.4619,74.12,85,89,9.33
470,Macusani,PE,2021-11-29 23:52:23,-14.0833,-70.4333,38.37,95,100,2.73
471,Tura,IN,2021-11-29 23:52:23,25.5198,90.2201,58.44,77,29,3.89
472,Necochea,AR,2021-11-29 23:52:24,-38.5473,-58.7368,58.03,78,10,12.12
473,Tabou,CI,2021-11-29 23:52:24,4.423,-7.3528,79.16,81,92,5.79
474,Artyom,AZ,2021-11-29 23:52:25,40.4723,50.333,50.14,87,1,20.04
475,Hoi An,VN,2021-11-29 23:52:25,15.8794,108.335,75.16,84,100,19.71
476,Bahia Honda,CU,2021-11-29 23:52:25,22.9036,-83.1592,71.29,75,90,9.24
477,Jipijapa,EC,2021-11-29 23:52:26,-1.3333,-80.5833,72.9,74,70,6.62
478,Vila,PT,2021-11-29 23:52:26,42.0304,-8.1588,39.33,91,100,2.44
479,Wajid,SO,2021-11-29 23:52:26,3.8093,43.2471,72.37,73,59,11.77
480,Naze,JP,2021-11-29 23:52:27,28.3667,129.4833,70.72,73,67,14.99
481,Ottawa,CA,2021-11-29 23:48:02,45.4112,-75.6981,30.72,67,90,1.01
482,New Iberia,US,2021-11-29 23:50:19,30.0035,-91.8187,62.67,48,1,3.44
483,Goba,ET,2021-11-29 23:52:27,7.0167,39.9833,44.96,63,29,4.59
484,Marsa Matruh,EG,2021-11-29 23:52:28,31.3525,27.2453,68.86,84,99,14.54
485,Iwanai,JP,2021-11-29 23:52:28,42.9744,140.5089,45.21,85,98,2.64
486,Kieta,PG,2021-11-29 23:52:28,-6.2167,155.6333,83.5,75,100,4.76
487,Port Hawkesbury,CA,2021-11-29 23:52:28,45.6169,-61.3485,55.69,99,90,10.0
488,Baykit,RU,2021-11-29 23:52:29,61.67,96.37,3.97,97,100,3.6
489,Hami,CN,2021-11-29 23:52:29,42.8,93.45,22.17,61,11,2.13
490,Immokalee,US,2021-11-29 23:52:29,26.4187,-81.4173,69.75,75,90,4.61
491,Sao Jose Da Coroa Grande,BR,2021-11-29 23:52:30,-8.8978,-35.1478,79.25,82,69,11.16
492,Polovinnoye,RU,2021-11-29 23:52:30,54.7914,65.9864,13.91,89,18,5.57
493,Porto Belo,BR,2021-11-29 23:52:30,-27.1578,-48.5531,78.78,91,53,5.06
494,Flinders,AU,2021-11-29 23:52:31,-34.5833,150.8552,73.18,72,97,1.01
495,Port Macquarie,AU,2021-11-29 23:52:31,-31.4333,152.9167,71.56,75,98,8.52
496,Warman,CA,2021-11-29 23:52:32,52.3168,-106.5679,33.71,75,40,8.05
497,Bahia Blanca,AR,2021-11-29 23:49:46,-38.7196,-62.2724,62.87,58,0,9.06
498,Lorengau,PG,2021-11-29 23:52:32,-2.0226,147.2712,83.44,79,100,10.89
499,Paso De Carrasco,UY,2021-11-29 23:52:32,-34.8603,-56.0522,64.54,88,90,21.85
500,Saint-Pierre,RE,2021-11-29 23:52:33,-21.3393,55.4781,76.64,79,0,3.44
501,Zilupe,LV,2021-11-29 23:52:33,56.3862,28.1217,27.36,95,100,9.98
502,Kiryas Joel,US,2021-11-29 23:52:33,41.342,-74.1679,34.66,68,34,8.48
503,Namtsy,RU,2021-11-29 23:52:34,62.7161,129.6658,-23.69,100,98,1.72
504,Asfi,MA,2021-11-29 23:48:43,32.2994,-9.2372,58.39,80,0,10.78
505,Duku,NG,2021-11-29 23:52:34,11.2361,4.9073,74.53,18,96,5.59
506,Severskaya,RU,2021-11-29 23:52:34,44.8541,38.6769,59.61,100,100,16.44
507,Gorontalo,ID,2021-11-29 23:52:35,0.5412,123.0595,77.92,93,99,1.14
508,Dryden,CA,2021-11-29 23:52:35,49.7833,-92.7503,25.09,100,90,4.61
509,Itoman,JP,2021-11-29 23:51:08,26.1247,127.6694,74.17,85,75,10.36
510,Dimapur,IN,2021-11-29 23:53:35,25.9,93.7333,56.07,86,59,1.77
511,Tonota,BW,2021-11-29 23:53:36,-21.4833,27.4833,76.01,43,88,4.18
512,Bermeo,ES,2021-11-29 23:53:36,43.4209,-2.7215,52.0,89,100,2.98
513,El Astillero,ES,2021-11-29 23:48:47,43.4009,-3.8205,53.73,93,75,2.3
514,Dutlwe,BW,2021-11-29 23:53:37,-23.9833,23.9,72.52,58,85,13.15
515,Rapid Valley,US,2021-11-29 23:53:37,44.0625,-103.1463,52.86,42,81,2.91
516,Sa Kaeo,TH,2021-11-29 23:53:37,13.75,102.3333,70.84,78,100,8.25
517,Yangambi,CD,2021-11-29 23:53:38,0.8102,24.4336,69.89,99,100,2.62
518,Kyshtovka,RU,2021-11-29 23:53:38,56.555,76.6271,11.97,86,89,7.58
519,Verkhnyaya Toyma,RU,2021-11-29 23:51:15,62.2349,44.9985,11.82,87,100,10.16
520,Nantucket,US,2021-11-29 23:53:38,41.2835,-70.0995,39.99,68,99,20.96
521,Uige,AO,2021-11-29 23:53:39,-7.6087,15.0613,65.46,97,96,1.59
522,Shimizu,JP,2021-11-29 23:53:39,43.0061,142.8847,31.75,87,74,3.42
523,College,US,2021-11-29 23:53:39,64.8569,-147.8028,-11.42,69,75,0.0
524,Bauchi,NG,2021-11-29 23:53:40,10.5,10.0,68.86,21,10,4.59
525,Sterling,US,2021-11-29 23:53:40,39.0062,-77.4286,41.34,69,1,8.01
526,Kaka,TM,2021-11-29 23:53:40,37.3482,59.6143,52.66,47,16,1.72
527,Ouesso,CG,2021-11-29 23:53:41,1.6136,16.0517,70.36,98,81,1.66
528,Bathsheba,BB,2021-11-29 23:53:41,13.2167,-59.5167,81.21,74,20,14.97
529,Manbij,SY,2021-11-29 23:53:41,36.5281,37.9549,48.97,64,100,6.62
530,Sola,VU,2021-11-29 23:53:42,-13.8833,167.55,82.18,74,100,10.96
531,Ballina,AU,2021-11-29 23:53:42,-28.8667,153.5667,69.98,96,90,9.22
532,Matagami,CA,2021-11-29 23:53:42,49.7502,-77.6328,19.51,93,90,4.61
533,Tarauaca,BR,2021-11-29 23:53:43,-8.1614,-70.7656,78.66,78,69,3.06
534,Marrakesh,MA,2021-11-29 23:51:44,31.6315,-8.0083,46.47,57,0,4.61
535,Bukachacha,RU,2021-11-29 23:53:43,52.9833,116.9167,0.45,97,100,2.26
536,Botucatu,BR,2021-11-29 23:53:43,-22.8858,-48.445,69.17,91,92,4.43
537,Kutum,SD,2021-11-29 23:53:44,14.2,24.6667,68.23,43,54,7.67
538,Filadelfia,US,2021-11-29 23:51:55,39.9523,-75.1638,37.98,62,1,4.61
539,La Rioja,ES,2021-11-29 23:53:44,42.25,-2.5,43.05,97,100,3.71
540,Golkoy,TR,2021-11-29 23:53:45,40.6875,37.6178,55.72,61,98,11.81
541,Gao,ML,2021-11-29 23:53:45,16.6362,1.637,76.48,14,100,10.71
542,Kabare,CD,2021-11-29 23:53:46,-2.4683,28.8242,60.4,93,79,1.81
543,Peniche,PT,2021-11-29 23:53:46,39.3558,-9.3811,55.09,76,99,5.12
544,Ringebu,NO,2021-11-29 23:53:46,61.5167,10.1667,15.15,97,100,3.76
545,Partur,IN,2021-11-29 23:53:47,19.6,76.2167,65.91,52,60,5.75
546,The Valley,AI,2021-11-29 23:53:47,18.217,-63.0578,82.26,83,40,9.22
547,Wajir,KE,2021-11-29 23:53:47,1.7471,40.0573,76.26,83,73,11.18
548,Fengkou,CN,2021-11-29 23:53:48,30.0833,113.2667,46.29,41,0,5.1
549,Ponta Delgada,PT,2021-11-29 23:53:48,37.7333,-25.6667,61.5,67,75,4.61
550,Rumoi,JP,2021-11-29 23:53:48,43.9344,141.6428,42.53,83,98,6.02
551,Smithers,CA,2021-11-29 23:53:49,54.7804,-127.1743,26.92,93,90,3.44
552,Cumana,VE,2021-11-29 23:53:49,10.4635,-64.1775,82.49,83,99,10.87
553,Mumbwa,ZM,2021-11-29 23:53:49,-14.9783,27.0619,69.31,43,95,4.76
554,Chermoz,RU,2021-11-29 23:53:50,58.787,56.1489,33.53,96,100,11.72
555,Kailua,US,2021-11-29 23:54:50,21.4022,-157.7394,77.07,72,51,20.85
556,Verkhnyaya Inta,RU,2021-11-29 23:54:51,65.9811,60.3094,-2.79,100,94,5.84
557,Tual,ID,2021-11-29 23:54:51,-5.6667,132.75,84.13,68,98,3.11
558,Aitape,PG,2021-11-29 23:54:51,-3.1374,142.3475,83.41,78,100,1.48
559,Okato,NZ,2021-11-29 23:54:52,-39.2,173.8833,67.42,88,100,5.91
560,Yurga,RU,2021-11-29 23:54:52,55.7231,84.8861,15.12,83,100,9.75
561,Le Port,RE,2021-11-29 23:54:52,-20.9373,55.2919,76.96,94,25,3.15
562,Shevchenko,UA,2021-11-29 23:54:53,48.5,35.0,49.24,81,75,17.9
563,Zhezkazgan,KZ,2021-11-29 23:54:53,47.8043,67.7144,20.93,89,100,2.84
564,Egvekinot,RU,2021-11-29 23:54:53,66.3167,-179.1667,-12.17,78,97,5.64
565,Mehamn,NO,2021-11-29 23:52:23,71.0357,27.8492,15.12,88,73,12.66
566,Mtambile,TZ,2021-11-29 23:54:54,-5.3833,39.7,79.23,81,81,6.2
567,Saint-Leu,RE,2021-11-29 23:54:54,-21.15,55.2833,76.03,94,30,6.89
568,Puerto Del Rosario,ES,2021-11-29 23:54:54,28.5004,-13.8627,64.15,72,0,19.57
569,Kargasok,RU,2021-11-29 23:54:55,59.0556,80.8572,20.68,79,100,12.44
570,Olafsvik,IS,2021-11-29 23:54:55,64.8945,-23.7142,31.35,91,100,11.79
571,Torata,PE,2021-11-29 23:54:55,-17.0769,-70.8433,57.54,71,38,2.55
572,Visnes,NO,2021-11-29 23:54:56,59.3556,5.2242,42.85,65,40,34.52
573,Fuxin,CN,2021-11-29 23:54:56,42.0156,121.6589,22.86,84,95,4.5
